case	view	raw_geometry_raw_rgb	raw_geometry_refined_rgb	refined_geometry_raw_rgb	refined_geometry_refined_rgb
car	0	0.06508798152208328	0.05752357468008995	0.06505687534809113	0.05673319101333618
car	60	0.07097284495830536	0.06438922137022018	0.07091593742370605	0.06352026760578156
car	120	0.0558021180331707	0.05165902152657509	0.056824129074811935	0.05074333772063255
teapot	0	0.04250796139240265	0.03945174813270569	0.042250242084264755	0.0390474833548069
teapot	60	0.04268283396959305	0.04031398147344589	0.042052704840898514	0.039558373391628265
teapot	120	0.036186616867780685	0.035092540085315704	0.035977672785520554	0.03461354225873947
hamburger	0	0.058188747614622116	0.04894733056426048	0.05695786327123642	0.047279778867959976
hamburger	60	0.05997241288423538	0.05007879436016083	0.059182606637477875	0.048920292407274246
hamburger	120	0.059504419565200806	0.05021052062511444	0.05858413130044937	0.0488160103559494
